epoch,steps,Pearson_Correlation,Spearman_Correlation
0,-1,0.7976859465113143,0.7322502078982347
1,-1,0.7916180016735275,0.7454863574938048
2,-1,0.8109728160727363,0.7517595966895014
3,-1,0.7917810320868379,0.7500790670902107
4,-1,0.7923232469703707,0.7519857481416872
