epoch,steps,Pearson_Correlation,Spearman_Correlation
0,-1,0.8301800226969249,0.7506487559755236
1,-1,0.8499411298069659,0.7607934692709946
2,-1,0.8207147867842094,0.7564567810581646
3,-1,0.8503005681146176,0.7603585773010115
4,-1,0.8591812310411817,0.7623248756920981
